sector,leading_score,momentum,trend,fiedler,bull_ratio,stability,recent_return_pct,volatility,combined_score,rank,tier
ledgerprime_portfolio,0.606647945263293,-0.0869773914992259,113.59887889705584,0.6572261845363823,1.0,0.917684935517964,211.57319355701435,82.62529826720979,1.0490113974713324,1,Tier 1
zero_knowledge_proofs,0.580723316062749,-0.1628233161434622,101.8511760265132,0.7875388202501903,1.0,1.0,-10.263425708218032,27.829261522570874,0.8556884441216697,2,Tier 1
fenbushi_capital_portfolio,0.6189522342993423,-0.1844606097795121,102.23672392304002,1.95,1.0,1.0,8.573084253467368,28.96337022799252,0.8379066294508881,3,Tier 1
masternodes,0.7093697845807663,0.0453935597809033,51.92614924462663,0.7291941956808181,1.0,0.9672965201814484,29.361142373255017,31.871661816589302,0.5646550522271696,4,Tier 1
privacy,0.7069518877452384,0.0665682195659471,43.6444400159028,1.0282001859840364,1.0,0.9944098300562508,11.194906617521957,26.96815410318654,0.5030126197249751,5,Tier 1
social_token,0.3657170256692154,-0.2895225568278083,59.99954190305107,0.0,0.0,1.0,-57.98913907913538,26.22777845922905,0.31047286220270237,6,Tier 1
x402_ecosystem,0.4278298186678974,0.0959644681349756,20.16715139028836,1.2,0.0,0.6207886408506943,-9.972097513809029,35.00639508256573,0.2976359820378592,7,Tier 1
pump_fun_ecosystem,0.3770144596306121,-0.1670929797924227,37.90487680532785,0.9999999999999996,0.0,1.0,-23.67555043128633,23.325887033431588,0.21195578826085582,8,Tier 1
ai_agents,0.6016566870266488,-0.1335220964588188,33.67306027881659,4.5,0.85,0.6330226529739351,-26.58432545577243,49.21708599560771,0.20320850632934712,9,Tier 1
ip_memes,0.5014759778056362,-0.3140197936934892,45.80644062904192,4.0,0.0,1.0,-39.13953634388226,26.69867626607309,0.14404461259693002,10,Tier 2
kommunitas_launchpad,0.3121385225886436,-0.1247351864004592,26.6381716912486,0.3,0.0,1.0,-17.02017961236536,22.744015747872147,0.1416465305120268,11,Tier 2
ai_applications,0.439504920644892,-0.2319021315054985,36.36694138082005,0.9999999999999998,0.85,0.633022652973934,-24.46994726476595,51.21681458921388,0.13176728230270202,12,Tier 2
tron_memes,0.3021695975357286,-0.2075818914172082,33.74575515579187,4.440892098494795e-17,0.0,1.0,-30.651156650912636,17.914852801274947,0.12987566014071047,13,Tier 2
intent,0.3539777825908421,-0.2655848245803473,38.85778834046586,1.0,0.0,1.0,-24.738092593470807,32.37969029647245,0.12299305882431127,14,Tier 2
hacken_foundation,0.3214953686084089,-0.1390454814621971,25.792408414356363,0.9999999999999998,0.0,0.9273277907312596,-31.52958985582515,24.22382776244105,0.11887860268136649,15,Tier 3
ai_&_big_data,0.479091472112421,-0.0985166162438021,19.506219961856484,6.999999999999998,0.0,1.0,4.1578232818232586,41.41969880488074,0.09654558337476273,16,Tier 3
polygon_ventures_portfolio,0.3090065710397942,-0.1545553438325759,24.864823317472137,1.0,0.0,0.9196362907019332,5.364123785568542,17.447623029451364,0.09409288934214546,17,Tier 3
sonic_ecosystem,0.2819322441514938,-0.0667572467728624,15.513374394108109,0.5857864376269046,0.0,0.7922172903361142,-14.765270699856153,11.768295855344858,0.08837649716821869,18,Tier 3
inscriptions,0.334265241222199,-0.179102919833712,26.676253018041667,1.4499999999999995,0.0,1.0,inf,,0.08765961034670469,19,Tier 3
sun_pump_ecosystem,0.3269665372202113,-0.2560192125256457,33.77766425558376,0.9138698023485076,0.0,1.0,-34.74958141523105,20.83662186057341,0.08175743003019187,20,Tier 3
rollups,0.3140745972778913,-0.1984202700728995,27.9736209838706,0.9486257582689628,0.0,1.0,-29.1246780625008,23.73991639177848,0.0813159397658065,21,Tier 3
energy,0.3038265291563016,-0.118251423710694,19.537409513617867,0.8939838080228932,0.0,1.0,-24.98025493927333,14.371065900929043,0.07712267142548468,22,Tier 4
modular_blockchain,0.304717443912964,-0.1837913124697806,25.116585278670296,0.948625758268964,0.0,1.0,-27.460894660068192,23.41625837865816,0.06737454031692236,23,Tier 4
tokenized_gold,0.5913764291646336,-0.0044656662984421,6.945024481011723,4.0,1.0,1.0,-1.1203553728700522,9.307313559604436,0.06498457851167513,24,Tier 4
tokenized_commodities,0.5913764291646336,-0.0044656662984421,6.945024481011723,4.0,1.0,1.0,-1.1203553728700522,9.307313559604436,0.06498457851167513,25,Tier 4
ai_memes,0.4567698497927814,-0.3093556441372674,36.75154020096176,4.0,0.0,1.0,-62.64924504609595,71.495434241486,0.058159757872350226,26,Tier 4
polkafoundry_red_kite,0.2672573162127979,-0.2160065029881467,27.247797876264464,3.933442482297433e-33,0.0,1.0,-28.833633633392218,14.02329234240481,0.05647147577449793,27,Tier 4
icetea_labs,0.2621331697439708,-0.2363883857210304,27.268522876404603,3.114787578478853e-34,0.0,1.0,-33.56755949871768,15.804131359516006,0.03629684304301564,28,Tier 4
celebrity_memes,0.3616414755316951,-0.1246944507443493,14.934524666598326,3.0,0.0,1.0,-25.00282710664154,19.25686620651485,0.024650795921633953,29,Tier 4
xdc_ecosystem,0.4124255543430921,-0.0484086003272055,6.932938397756162,0.3343635059828541,1.0,1.0,-7.075523473292626,7.016019063427777,0.02092078365035612,30,Tier 4
bullperks_launchpad,0.2958339404342378,-0.2681196687124999,28.824727609848644,0.8120671354862766,0.0,1.0,-19.16114683233366,20.57391847784647,0.020127607385986512,31,Tier 4
poolz_finance_portfolio,0.25603745850554,-0.2337412801470259,25.340714561690056,0.0728110117978031,0.0,1.0,-2.964296640175836,23.96024208353777,0.0196658654698747,32,Tier 4
egirl_capital_portfolio,0.4381333211923266,-0.111570977977997,12.81818770522511,4.999999999999999,0.0,1.0,0.8087774889589415,28.75435782754609,0.016610899074254087,33,Tier 4
paal_ecosystem,0.3808685033237385,-0.3089441978852505,32.48649187035653,2.634314575050761,0.0,1.0,-49.466325865985496,28.454658169536465,0.015920720818314804,34,Tier 4
brc-20,0.2712244349796248,-0.2523318184116235,26.66648231376078,0.3905038073224226,0.0,1.0,inf,,0.01433300472598431,35,Tier 4
internet_computer_ecosystem,0.3016601447073114,-0.0841451998921271,9.826601781950846,1.5000000000000004,0.15,0.7965841647884561,-12.033911323784782,42.97346318420056,0.01412081792738136,36,Tier 4
desci,0.430562531731925,-0.2262261369255869,24.004449539736587,1.3257359312880714,1.0,0.7922172903361139,-31.440781921337123,27.450370409603718,0.013818358471778952,37,Tier 4
seedify,0.2736119659863075,-0.2585031577406264,26.897731726861263,0.4522727020111604,0.0,1.0,-26.921563484592088,29.08659712044622,0.010474159527986249,38,Tier 4
memes,0.4465289790511914,-0.2301140276006548,23.84408173808984,5.7,0.0,1.0,-31.587956580854947,32.13646553110867,0.008326789780243593,39,Tier 4
political_memes,0.3398248475806209,-0.2760689340047711,28.39582226025143,2.0,0.0,1.0,-17.909300901868033,29.40650833586493,0.007889288597743183,40,Tier 4
dwf_labs_portfolio,0.4444281021762915,-0.2236988394972456,23.09695580452068,7.999999999999998,0.0,1.0,-23.880495445912903,28.51102042273315,0.0072707185479612135,41,Tier 4
education,0.3761565769596644,-0.2684320789646543,27.397020518039334,3.0,0.0,1.0,-13.464364669409528,41.13589276349868,0.005538126215739014,42,Tier 4
telegram_bot,0.4471816627741767,-0.3517190895865785,35.70671041241613,4.0,0.0,1.0,-44.05751771477837,35.96935565148956,0.005348014537582824,43,Tier 4
fiat_stablecoin,0.2512167492857973,-0.0008001302806464,0.3633687589478117,3.399349888776298e-17,0.0,1.0,-0.0556939996670863,0.4776489315773441,0.0028335573088317167,44,Tier 4
petrock_capital_portfolio,0.3054754759326974,-0.3276324301981774,32.97882423300591,0.7748034159833446,0.0,0.986714992415612,-35.78873197560025,23.95702106683753,0.002155812131881707,45,Tier 4
gambling,0.3810203266005811,-0.1027180456582743,10.386199530447534,6.938893903906913e-18,1.0,1.0,-22.29445764967925,14.081840511419406,0.0011439496462010423,46,Tier 4
algorithmic_stablecoin,0.2494430489664263,-0.0018328371230295,0.1635276657045607,-1.8677418214030453e-50,0.0,1.0,-0.1108111272323042,4.802168365838169,-0.0001975604659838928,47,Tier 4
usd_stablecoin,0.2798116534416678,-0.0005421786975768,0.0171508004934789,0.7533133116568939,0.0,1.0,-0.0520580483233271,0.0851184296627874,-0.00037067069264201094,48,Tier 4
stablecoin,0.2798116534416678,-0.0005421786975768,0.0171508004934789,0.7533133116568943,0.0,1.0,-0.0520580483233271,0.0851184296627874,-0.00037067069264201094,49,Tier 4
launchzone,0.3647954556112501,-0.1238513113084896,11.916318016591326,1.0,0.7,0.9280539374026404,-19.68146906538877,18.5348601005232,-0.004688131142576338,50,Tier 4
multiversx_ecosystem,0.4357393212785533,-0.2195605443313817,21.13911526758731,6.478568025662247,0.0,1.0,-25.859751949943423,24.82855117869788,-0.00816939165550859,51,Tier 4
runes,0.2615963196106595,-0.24463989367186,23.51834445092961,1.0,0.0,0.800939112214025,-12.841063922812904,30.66356020620554,-0.009456449162563912,52,Tier 4
arrington_xrp_capital_portfolio,0.4199005555674216,-0.1816803000634396,16.946997159644994,8.0,0.0,0.932201907950684,-22.37043311532284,31.178338271313457,-0.012210328466989662,53,Tier 4
animoca_brands_portfolio,0.4406289579423813,-0.2465398255765545,23.42660528469912,5.0,0.0,1.0,-38.0764611823214,33.630402621125896,-0.012273772729563287,54,Tier 4
virtuals_protocol_ecosystem,0.3023208938365218,-0.0946541346098438,8.214331869467664,1.0000000000000002,0.35,0.8487495942874073,-51.05764546576985,43.5750737554404,-0.012510815915167159,55,Tier 4
tezos_ecosystem,0.4169974041298961,-0.0779097938959887,6.528620820504801,1.0,1.0,1.0,-12.682370285281143,14.670957851904516,-0.0126235856909407,56,Tier 4
metisdao_ecosystem,0.275231610125752,-0.2131223125375378,20.036347935390463,1.25,0.0,0.9322019079506838,-18.827251497970803,26.092833714467485,-0.012758833183633161,57,Tier 4
music,0.2587159308306839,-0.2407923350324862,22.6681373268482,0.5151024040354493,0.0,1.0,inf,,-0.014110961764004198,58,Tier 4
osmosis_ecosystem,0.2635299779398324,-0.2172672311148209,20.179379336901693,0.9999999999999996,0.0,0.9196362907019326,-20.02294540335928,28.107960919098808,-0.01547343774580398,59,Tier 4
bounce_launchpad,0.2254486324911122,-0.1882641563027525,17.16458133627737,2.0040567272189624e-49,0.0,1.0,-14.11790658278276,25.95069192165892,-0.016618342939978825,60,Tier 4
metaverse,0.4302986806968694,-0.2217938551513163,20.17066849352305,7.999999999999998,0.0,1.0,-29.36735968675167,33.18874649873082,-0.020087170216085803,61,Tier 4
communications_&_social_media,0.5582464470777094,-0.1873251889647471,16.609604075166853,6.5,1.0,0.8524865670127599,-12.158355862723862,29.859386646700703,-0.021229148213078558,62,Tier 4
identity,0.272252684238028,-0.2324330722267861,21.102865998241302,0.9999999999999996,0.0,1.0,-20.63834718862772,28.79612039647545,-0.02140441224437309,63,Tier 4
analytics,0.2632424816856796,-0.2682047411227873,24.517983712222765,0.9999999999999998,0.0,0.8144024950101532,inf,,-0.02302490400055965,64,Tier 4
logistics,0.3561880433076155,-0.1829938244908855,15.989379146092102,0.4031702559560061,1.0,0.6864064830131762,-12.238296357920198,21.92073044805425,-0.023100033029964495,65,Tier 4
tron_ecosystem,0.3054924387581514,-0.0888364149755283,5.871785380803949,0.9342026673364828,0.45,0.8383114771482918,inf,13.302831684489806,-0.03011856116748881,66,Tier 4
trustswap_launchpad,0.2422031324204237,-0.2042145370921524,17.3992734948333,0.5188056959079843,0.0,1.0,4.053060548458087,24.759588094155216,-0.03022180214381942,67,Tier 4
shima_capital,0.302630849806682,-0.3361078329530266,30.572479020826883,1.2,0.0,0.9170817749799512,-30.23221208280691,28.877175750708595,-0.030383042744757782,68,Tier 4
injective_ecosystem,0.4191412658583334,-0.2402093846488794,20.73997859808288,6.999999999999998,0.0,0.9053742201164166,-26.07089268827813,32.99338102994448,-0.03280959866805058,69,Tier 4
play_to_earn,0.2862640851988982,-0.2316635556415169,19.86754399302057,1.5000000000000009,0.0,1.0,-31.22664655918006,28.148538389532728,-0.03298811571131122,70,Tier 4
winklevoss_capital_portfolio,0.4026835156799482,-0.0676179516232303,3.415091794235508,6.0,0.0,0.8447369840026375,7.793814497236286,28.876152425451977,-0.03346703368087522,71,Tier 4
terra_ecosystem,0.2155021540896515,-0.2244031289531291,19.006861805094204,2.0040567272189643e-49,0.0,0.9170817749799524,-2.641043115460516,31.054878727777567,-0.03433451090218709,72,Tier 4
exnetwork_capital_portfolio,0.4195079725021816,-0.2054362535582206,17.084855721665388,6.149999999999999,0.0,1.0,-18.070493075800066,26.612845134520747,-0.03458769634156672,73,Tier 4
animal_memes,0.2043981503205008,-0.0991796276071222,6.2534587182622,1.8200501869514158e-16,0.0,0.9196362907019336,inf,17.64809323147839,-0.0366450404245002,74,Tier 4
rebase,0.1996400303442846,-0.0475330591040983,0.9789452272146172,-1.5918914372148409e-18,0.0,0.7973870139244009,-19.964264924219396,19.172035617144232,-0.03774360683195213,75,Tier 4
defai,0.4421072143636354,-0.2947487583891963,25.43011948627053,5.0,0.0,1.0,-42.84177287680261,33.3699466860138,-0.04044756352649098,76,Tier 4
spartan_group,0.3135753449657228,-0.2100139591997399,16.891083366782006,2.9500000000000006,0.0,0.7839495183192546,-26.31727038341242,34.06101106465595,-0.04110312553191983,77,Tier 4
sharing_economy,0.4333895015498632,-0.2714569260756005,22.950753618472216,5.999999999999998,0.0,1.0,-36.18583523886886,23.449238454159637,-0.04194938989087835,78,Tier 4
tourism,0.3248522524330826,-0.244210527862757,20.16938278043808,2.5,0.0,1.0,-27.35063354088048,29.9332989459628,-0.04251670005837618,79,Tier 4
defi,0.252677741273604,-0.2159298086720567,17.20381609351966,1.0000000000000002,0.0,0.9561899787234642,-32.48224667195035,22.22830911591414,-0.04389164773686011,80,Tier 4
sei_ecosystem,0.1960674492744625,-0.2166373256590194,17.200478876622334,-8.1065183220618595e-53,0.0,0.7922172903361141,-28.60809224992,22.58490270508727,-0.04463253689279603,81,Tier 4
oracles,0.3550899706351439,-0.2176551095163199,17.017255196810957,3.946446609406725,0.0,0.815830121370823,-29.816684072743023,32.22745559634481,-0.04748255754821032,82,Tier 4
cybersecurity,0.326824687633363,-0.3036553305000996,25.56256764693956,2.1317844689104923,0.0,1.0,-42.28690274649292,20.388606111333704,-0.04802965403070397,83,Tier 4
polkastarter,0.277442920403989,-0.2724625678633834,22.34530907907073,1.1813909135830656,0.0,1.0,-31.164169374045105,27.104968915054627,-0.04900947707267611,84,Tier 4
interoperability,0.3936735229565116,-0.1116499874515402,6.186079915958016,4.999999999999998,0.0,0.8874479400507937,inf,24.146654819867244,-0.04978918829196004,85,Tier 4
account_abstraction,0.1790250836836787,-0.1716211784708474,12.178516448377549,3.79822709830392e-65,0.0,0.7242457540260517,5.611358110066374,19.677040343794765,-0.04983601398707192,86,Tier 4
tokenized_assets,0.3604280489122362,-0.1186501560816267,6.880924149654686,0.1464466094067262,1.0,1.0,-25.75157903521032,13.755592542857892,-0.04984091458507983,87,Tier 4
coinfund_portfolio,0.3432789056748495,-0.1850075836452891,13.508487212266264,4.246595816419651,0.0,0.6511343900067558,17.06104939914374,48.580676398253374,-0.04992271152262648,88,Tier 4
harmony_ecosystem,0.260162688433626,-0.2327413575518106,18.137787232729245,1.179784717068623,0.0,0.9561899787234642,-28.522810220387463,22.923341250728885,-0.05136348522451817,89,Tier 4
cmc_community_vote_winners,0.4024315476380313,-0.406184934231362,35.470765348157286,3.0,0.0,1.0,-57.78359107738211,32.35975433630753,-0.051477280749789134,90,Tier 4
avalanche_ecosystem,0.407227547239637,-0.2260850490621013,17.387726168923205,5.0,0.0,0.9196362907019332,-35.483404836801306,37.90981073668996,-0.05220778737286927,91,Tier 4
move_to_earn,0.2486802324234465,-0.2989075877367472,24.584034526290036,0.284587727480689,0.0,1.0,-18.86267778888134,24.2427459844909,-0.05306724247384684,92,Tier 4
polkadot_ecosystem,0.4014834684170749,-0.233923431520523,17.97144439581635,9.999999999999996,0.0,0.8524865670127596,-29.01948952090768,27.64822611173029,-0.054208987562359506,93,Tier 4
vbc_ventures_portfolio,0.250323837733668,-0.2529989994432954,19.8408565911573,0.9255306649548988,0.0,0.919636290701934,-36.93858865409256,22.52922191543545,-0.05459043353172238,94,Tier 4
seigniorage,0.2126009871244091,-0.0600081016919293,0.4967558864658201,0.0954915028125262,0.0,1.0,-8.182913085204985,12.59843961893178,-0.0550405428272711,95,Tier 4
retail,0.2022963946547499,-0.1558627575688251,10.0286587797746,0.0,0.0,1.0,28.083350001449915,23.264742656345817,-0.055576169771079084,96,Tier 4
defiance_capital_portfolio,0.2519620454783475,-0.2278615009894989,17.20197053832128,0.9659581641965104,0.0,0.9944098300562504,-28.3264798932213,32.92900566426668,-0.055841795606286104,97,Tier 4
asset_management,0.166164984028162,-0.1570158127252786,10.00246076237956,1.468687011488149e-16,0.0,0.6449452503260339,-8.503577492549216,33.127044115391776,-0.05699120510148299,98,Tier 4
cosmos_ecosystem,0.4023701354745093,-0.242882724397551,18.56425232508492,9.0,0.0,0.8524865670127589,-27.666201889298318,31.06287175607691,-0.05724020114670181,99,Tier 4
polygon_ecosystem,0.4092960908695107,-0.2313061100404808,17.332598141337243,8.0,0.0,0.9561899787234648,-32.43693710512551,29.902154944722398,-0.05798012862710836,100,Tier 4
yield_aggregator,0.3188531832619004,-0.1124396234341362,5.401425282385789,3.15,0.0,0.9228703543495154,-19.02025153517361,31.082637427223062,-0.05842537061027831,101,Tier 4
galaxy_digital_portfolio,0.31400642628881,-0.0932492664647431,3.3613887393177486,3.2,0.0,0.8447369840026371,-28.135579998279464,21.73800257928438,-0.05963537907156562,102,Tier 4
gaming,0.4109250170691939,-0.2240991073946605,16.417239757413917,6.999999999999998,0.0,1.0,-30.29357022577554,33.7930649088994,-0.05992670982052131,103,Tier 4
depin,0.3161148303317745,-0.1467865354483779,8.640998477905805,2.999999999999999,0.0,0.9672965201814474,inf,22.02843158604002,-0.06037655066931984,104,Tier 4
options,0.2124482231271884,-0.1936112155315549,13.274959054293891,0.5188056959079843,0.0,0.8749852032615996,-26.18376628385817,18.360023698559043,-0.06086162498861597,105,Tier 4
yearn_partnerships,0.2268000800234761,-0.1346554685189276,7.373327365947096,0.8929036232745233,0.0,0.9228703543495168,226.75231721477155,82.40612733891541,-0.06092219485945663,106,Tier 4
cardano_ecosystem,0.3241059842050001,-0.22927202311314,16.798138756700034,3.2753494653258484,0.0,0.8158301213708226,-27.94730669018272,24.452185344301174,-0.061290635546139643,107,Tier 4
arbitrum_ecosystem,0.2475113528401747,-0.2341651439543985,17.114571863902505,1.0000000000000022,0.0,0.9561899787234642,-29.6420281491434,27.86993175647849,-0.06301942531537344,108,Tier 4
celsius_bankruptcy_estate,0.495524769025977,-0.1495504871463734,8.399107395558413,5.0,0.7,0.9360015797325428,-33.28334872177778,34.629496465922294,-0.06555941319078926,109,Tier 4
parafi_capital,0.2227198048651829,-0.1442798533220455,7.850293309527252,0.8377223398316206,0.0,0.9262573860980428,-11.981910597988517,33.9161958878829,-0.06577692022677298,110,Tier 4
hyperliquid_ecosystem,0.2282681581033266,-0.2295138017493461,16.31770003899166,1.0000000000000002,0.0,0.7922172903361142,-28.25362002952928,16.068595756395055,-0.06633680135942951,111,Tier 4
circle_ventures_portfolio,0.3469670023747491,-0.1851177887373269,11.874819848578657,3.999999999999999,0.0,0.8687250547754168,-28.73706914023295,32.96708573159164,-0.06636959025154034,112,Tier 4
mvb,0.4075748954331979,-0.2251346011140285,15.800973648691278,5.0,0.0,1.0,-20.63132064833656,27.51633895540856,-0.06712486462711573,113,Tier 4
health,0.2153519487019525,-0.2717303087133748,20.38797194969476,2.7755575615628824e-17,0.0,0.9482408042124192,-22.501536158332332,26.03267370965643,-0.0678505892164272,114,Tier 4
iot,0.4007403926347609,-0.1988810814764268,12.925114767614971,6.85,0.0,1.0,-14.350432678421765,26.36571114128946,-0.0696299338002771,115,Tier 4
jump_crypto,0.3784472846741092,-0.3115283643964163,24.1266981919668,4.0,0.0,0.8506943266188702,-38.07301535174832,30.58545099488449,-0.07026138247674829,116,Tier 4
base_ecosystem,0.3837002855015169,-0.220098640434745,14.91599461458415,7.0,0.0,0.7922172903361137,-25.88852394910704,31.865100511849164,-0.07093869428890351,117,Tier 4
olympus_pro_ecosystem,0.4099115175176326,-0.279073037499506,20.801931762515007,5.450000000000001,0.0,0.8855371392177076,-26.326590533544405,23.459226911358343,-0.07105371987435594,118,Tier 4
cat-themed,0.2304118980028806,-0.2550771384948068,18.219477212347304,0.9999999999999998,0.0,0.7760210790404436,inf,24.96596523617307,-0.07288236637133375,119,Tier 4
synthetics,0.2919116003426555,-0.1353506739493083,6.130128164212023,0.8074175964327491,0.55,0.8487495942874081,-26.33038792775388,22.050959657813525,-0.07404939230718807,120,Tier 4
amm,0.4038070472151597,-0.2524831564730791,17.678014699523384,7.0,0.0,0.9317628601357336,134.02102547704283,120.49983667005054,-0.07570300947784528,121,Tier 4
prediction_markets,0.1947924962917922,-0.1214757450864737,4.545786954741484,0.8868088700147778,0.0,0.6793309946765687,-30.96455377160625,20.186270724171475,-0.07601787553905887,122,Tier 4
insurance,0.2396332762645047,-0.2623643025490286,18.380586265473724,0.6860170545971762,0.0,1.0,-17.43469111576089,29.91905383896231,-0.07855843989429134,123,Tier 4
distributed_computing,0.3471742888768452,-0.1696044059535935,9.012099790353604,4.0,0.0,0.9561899787234648,inf,23.02258838053948,-0.07948340805005745,124,Tier 4
optimism_ecosystem,0.4016070412676636,-0.2513571074033351,17.18263469829016,8.999999999999996,0.0,0.932201907950684,-40.04624900764972,34.883216105915,-0.07953076042043353,125,Tier 4
zksync_era_ecosystem,0.2210510698469121,-0.2349801915233171,15.306332489397196,1.0000000000000009,0.0,0.7839495183192542,-25.664531232146064,22.81013002255649,-0.08191686662934514,126,Tier 4
btcfi,0.2335858673175064,-0.2678651569377503,18.54587745315725,0.9999999999999996,0.0,0.8158301213708226,-47.6528894062137,21.964528113737217,-0.08240638240617781,127,Tier 4
data_availability,0.1666985962347948,-0.2080698374947608,12.53878208544022,1.3297043459097302e-33,0.0,0.7070857378098901,-25.5051420778332,31.34389518900383,-0.0826820166403586,128,Tier 4
pantera_capital_portfolio,0.3725493657731983,-0.1173231474517966,3.4388508641761604,5.0,0.0,0.8447369840026365,-2.824519373790095,23.86938521766964,-0.082934638810035,129,Tier 4
duckstarter,0.1931218290335929,-0.2751370223241325,19.17946129552825,6.162975822039156e-33,0.0,0.7922172903361142,-28.974270652067645,10.452693413258148,-0.08334240936885001,130,Tier 4
solana_ecosystem,0.3794118811400828,-0.2274381491078493,14.151410138939374,5.0,0.0,0.8067472559724781,193.2966365615808,163.4758986552157,-0.08592404771845555,131,Tier 4
kenetic_capital_portfolio,0.3629296288309327,-0.1724435637842368,8.555641191232013,5.499999999999998,0.0,0.7476121067941632,-25.80139094425472,23.432272911478982,-0.08688715187191667,132,Tier 4
near_protocol_ecosystem,0.3795619370208376,-0.1661952266365702,7.8849741698008415,5.999999999999998,0.0,0.922870354349517,-28.09049790974537,34.7080391469939,-0.08734548493856177,133,Tier 4
1confirmation_portfolio,0.2881523988034997,-0.126727617821113,3.552307160577909,3.000000000000001,0.0,0.8447369840026369,-17.16348331245608,24.66303704731802,-0.09120454621533391,134,Tier 4
ferrum_network,0.238259281496195,-0.2089096798269008,11.691122031659829,1.6972243622680057,0.0,0.7886637281721575,-20.534121849264555,20.06677365592198,-0.09199845951030253,135,Tier 4
heco_ecosystem,0.2176491638765513,-0.1706842247381205,7.858001317915085,0.9999999999999996,0.0,0.9228703543495168,-30.2259136227551,25.15303452479645,-0.09210421155896965,136,Tier 4
research,0.3559715912708804,-0.217152642193653,12.446897876654706,9.0,0.0,0.6303608432716026,-29.991217106658663,29.221086022150462,-0.09268366342710593,137,Tier 4
fan_token,0.3133849725941152,-0.2038388774647709,11.081061793686336,3.9499999999999993,0.0,0.6541039390393462,-11.436798848030472,19.114987924021342,-0.09302825952790753,138,Tier 4
video,0.4070251682331472,-0.2827667189074135,18.930397521465338,6.999999999999998,0.0,0.956189978723464,-39.03866941630583,29.355483255429863,-0.09346274369276014,139,Tier 4
oxbull,0.2343139928236157,-0.1956873709357139,10.204780925118476,0.7526243702798874,0.3,0.7104337867197843,-19.52360850678722,19.514129804799296,-0.09363956168452914,140,Tier 4
marketplace,0.2691762858353502,-0.1418165606316147,4.803352863687005,1.149999999999999,0.4,0.8067472559724781,-24.30811901865191,19.694019876479704,-0.09378303199474466,141,Tier 4
chromia_ecosystem,0.2012051081548179,-0.1731681510944935,7.913912160552615,0.413094015707478,0.0,1.0,-19.73217506823344,23.809779752157883,-0.09402902948896734,142,Tier 4
placeholder_ventures_portfolio,0.3050803336931179,-0.1306887817555498,3.4131592379573434,3.490960296217821,0.0,0.8447369840026363,-3.8551159882608985,22.75940326960255,-0.09655718937597635,143,Tier 4
dcg_portfolio,0.3650985509982853,-0.1314037841840074,3.416253429937817,6.699999999999998,0.0,0.8447369840026375,-2.2173703652086734,28.5012459291802,-0.09724124988462922,144,Tier 4
binance_launchpad,0.3683461544267511,-0.1949572696333577,9.646824499132618,7.000000000000002,0.0,0.8273204429788692,inf,23.575925050262335,-0.0984890246420315,145,Tier 4
storage,0.2055110103197587,-0.2033821989692682,10.169197378718913,1.0000000000000004,0.0,0.7995582920784842,inf,20.54578222725516,-0.10169022518207908,146,Tier 4
gaming_guild,0.2236397037770467,-0.2243970500327483,12.22576294802633,1.1074783783434912,0.0,0.8945050562044325,-25.039488970905964,21.537038978324595,-0.10213942055248498,147,Tier 4
binance_launchpool,0.2106889963632722,-0.2586576284620814,15.531586379186688,1.0,0.0,0.7202885630840189,-15.907822600471476,27.430018940864915,-0.10334176467021453,148,Tier 4
bnb_chain_ecosystem,0.4798831235762784,-0.1838449562783972,8.022507325170487,5.699999999999998,0.7,0.9360015797325428,-25.020702695706827,27.606809016296047,-0.10361988302669232,149,Tier 4
aptos_ecosystem,0.2741915929583569,-0.2566900808213573,15.182668986960987,2.5,0.0,0.7688847402239462,-23.434763529519152,32.069770155278086,-0.10486339095174743,150,Tier 4
world_liberty_financial_portfolio,0.2140236094417319,-0.1989781690878187,9.270003886980628,1.370627610646007,0.0,0.7676449745238126,-27.454506339426693,16.45477559841467,-0.10627813021801243,151,Tier 4
celo_ecosystem,0.2128027114503612,-0.1716280951264502,6.4994534277157285,0.8650049497187297,0.0,1.0,-20.847924701194724,21.245515031467544,-0.1066335608492929,152,Tier 4
boostvc_portfolio,0.3598823895199307,-0.1418350214815632,3.386517334797029,7.849999999999999,0.0,0.8447369840026375,-6.339862008368559,26.346792943158924,-0.10796984813359292,153,Tier 4
alleged_sec_securities,0.4477331756414783,-0.1747586863980574,6.648580777633377,9.599999999999998,0.55,0.8748472467877578,-12.35260276113393,24.558141336899155,-0.10827287862172362,154,Tier 4
sports,0.2617705759126899,-0.1910646428720807,8.120715376288773,2.9499999999999997,0.0,0.6449452503260324,-12.747548312695574,19.033457737908872,-0.10985748910919296,155,Tier 4
usv_portfolio,0.358608401603452,-0.1463536478923002,3.5513190920217914,5.0,0.0,0.8447369840026372,-20.291299979039614,20.02454583527021,-0.1108404569720823,156,Tier 4
standard_crypto_portfolio,0.340610699717919,-0.1417691164405194,3.088428303088919,4.7,0.0,0.786614207946489,-5.253641006179548,23.814233692268772,-0.1108848334096302,157,Tier 4
yield_farming,0.3089164677732011,-0.1899442952993147,7.847853787922135,3.45,0.0,0.9262573860980424,-29.30652132163435,31.135541516797637,-0.11146575742009335,158,Tier 4
made_in_america,0.2912065426542102,-0.1913198201364855,7.7244655014338335,3.5,0.0,0.7399762203974907,-25.18943809386551,20.957824728941848,-0.11407516512214716,159,Tier 4
binance_ecosystem,0.2111184877318676,-0.1497878662177139,3.504924468322645,1.35743822234238,0.0,0.8447369840026369,-24.078024068236747,14.58542403846476,-0.11473862153448744,160,Tier 4
ethereum_ecosystem,0.2331160948509095,-0.2068153525000636,9.20744092945207,1.9999999999999996,0.0,0.7340962601989623,-28.13858385528804,19.95039332612283,-0.11474094320554291,161,Tier 4
coinbase_ventures_portfolio,0.200840724791862,-0.1502524935743896,3.5504508469369185,1.1000000000000003,0.0,0.8447369840026374,-20.56330468823782,18.90044557054113,-0.11474798510502042,162,Tier 4
sui_ecosystem,0.3011377287568492,-0.2865347678144322,17.14959732712782,3.0,0.0,0.7922172903361142,-56.96423859916144,29.311117670781123,-0.115038794543154,163,Tier 4
linea_ecosystem,0.2122118797958554,-0.2671065369291163,15.182533149653256,1.0,0.0,0.7688847402239466,-35.99832519745457,22.21996071052839,-0.11528120543258372,164,Tier 4
bitcoin_ecosystem,0.3037392860089205,-0.1509383151260165,3.391303836037872,3.6999999999999984,0.0,0.8447369840026357,-15.115405045144726,23.415315278181097,-0.11702527676563777,165,Tier 4
moonriver_ecosystem,0.245709880139948,-0.1527820068643392,3.548464767352403,2.25,0.0,0.844736984002636,-24.43685450421061,23.109772547225447,-0.11729735919081519,166,Tier 4
real_world_assets_protocols,0.3376842912950119,-0.1859758909874175,6.790273532093259,0.3328394250371676,1.0,1.0,-26.06914583531044,21.67942699084613,-0.11807315566648492,167,Tier 4
made_in_china,0.4450170947503021,-0.1916607464193304,7.312052655890921,5.25,0.55,0.8748472467877569,-29.90819043120065,18.091160027551734,-0.1185402198604212,168,Tier 4
tokenized_real_estate,0.218293590051067,-0.320359428194781,19.52764241847762,0.5188056959079845,0.0,0.8819394389556813,-33.52577076406133,25.732719775716767,-0.12508300401000483,169,Tier 4
bluezilla,0.1837841980106717,-0.2526900563284612,12.759411538241135,0.6258155177279907,0.0,0.7275639891425703,-32.45571951580424,16.915908116418937,-0.12509594094604984,170,Tier 4
fantom_ecosystem,0.365805403436927,-0.2054343513905493,7.886819886609686,5.099999999999999,0.0,0.9228703543495168,-30.640034574236108,30.10407552528168,-0.12656615252445244,171,Tier 4
oasis_ecosystem,0.349313943878456,-0.215729829497937,8.69147513192648,5.0,0.0,0.7476121067941627,-24.730854865758904,25.739038005801973,-0.12881507817867222,172,Tier 4
e-commerce,0.1850783617500961,-0.2064019743097548,7.670369954816718,0.3233372160987399,0.0,1.0,-8.45006273530076,16.863166082909515,-0.12969827476158763,173,Tier 4
a16z_portfolio,0.3496159064608636,-0.1673485865252669,3.55084306951352,6.999999999999998,0.0,0.8447369840026369,-7.544954669672537,26.988383760198097,-0.1318401558301317,174,Tier 4
restaking,0.2892848302788341,-0.3827360609864537,25.05834749018165,2.0,0.0,0.7760210790404437,-49.11586002987987,27.13019372172705,-0.1321525860846372,175,Tier 4
hashkey_capital_portfolio,0.3380282805963541,-0.1743365200553183,4.198996181527039,6.0,0.0,0.7236750095616473,0.9633184065260704,30.546026865847352,-0.1323465582400479,176,Tier 4
derivatives,0.2829893657289473,-0.2124980288909967,7.956143480849613,1.4,0.5,0.8020090655097232,241.0126256158006,212.60976057670345,-0.13293659408250058,177,Tier 4
dao,0.2135425193035195,-0.225131759736351,9.106154925229175,0.9999999999999994,0.0,0.9944098300562504,-10.124846394606331,26.03326124695095,-0.13407021048405926,178,Tier 4
wrapped_tokens,0.2126379671926705,-0.1729061506167675,3.7903939927370898,1.5999999999999992,0.0,0.8447369840026363,-28.421779080571817,22.180939152631552,-0.1350022106893966,179,Tier 4
wallet,0.3573003087011476,-0.1862576899218902,5.001178376456364,3.749999999999999,0.4,0.8197352401576904,-20.007800761264853,16.366697369422067,-0.13624590615732657,180,Tier 4
soccer,0.2581184136493601,-0.2223652534263467,8.58729708929005,3.0,0.0,0.6588797816297152,-18.381169920751123,17.522187939380153,-0.1364922825334462,181,Tier 4
moon_knight_labs,0.229657689662511,-0.2229547237048113,8.520832889351924,0.9999999999999998,0.3,0.7291502365638405,-18.65030205442522,31.71410375869474,-0.13774639481129203,182,Tier 4
fabric_ventures_portfolio,0.1865963385113914,-0.1751205603111268,3.55081597671102,0.9999999999999994,0.0,0.8447369840026363,-10.183548304411628,27.497883221168077,-0.1396124005440166,183,Tier 4
layer_1,0.3457629923420464,-0.1768787891157626,3.5162709119498965,7.999999999999998,0.0,0.8447369840026363,-26.37711009629451,17.72645430870097,-0.14171607999626362,184,Tier 4
ftx_bankruptcy_estate,0.344211565683051,-0.1817228039067168,3.561564325890155,7.999999999999998,0.0,0.8447369840026372,-33.191305073169694,20.25181183290153,-0.14610716064781526,185,Tier 4
protocol-owned_liquidity,0.1542246325800836,-0.1744694818213806,2.810235759922284,0.2593589479342902,0.0,0.8518381986526169,-10.279749292100968,27.03564697438297,-0.14636712422215778,186,Tier 4
framework_ventures_portfolio,0.3422573969951196,-0.1860062165827583,3.6971221771295033,8.999999999999998,0.0,0.8336304425446539,-32.187327578909134,29.39351881981822,-0.14903499481146326,187,Tier 4
smart_contracts,0.3329144211356353,-0.2084602332577505,5.859856253245086,9.0,0.0,0.704344122445398,-23.11792395379576,24.00798229208106,-0.14986167072529966,188,Tier 4
alameda_research_portfolio,0.2227449860724676,-0.1855513624268576,3.5406475492467147,2.000000000000001,0.0,0.8447369840026362,-29.863708358519425,19.72854603008322,-0.15014488693439046,189,Tier 4
social_money,0.207229974963651,-0.3178503098198502,16.703884141457262,0.2928932188134525,0.0,1.0,-76.35706125119208,22.064916934212224,-0.15081146840527757,190,Tier 4
multicoin_capital_portfolio,0.3421897155879002,-0.186633178352809,3.505199242348847,7.699999999999998,0.0,0.8447369840026369,-22.100704657098525,23.347800107856347,-0.15158118592932052,191,Tier 4
us_strategic_crypto_reserve,0.3422150517530925,-0.1873605224463878,3.560763537694135,5.0,0.0,0.8447369840026362,-33.992734150866625,19.75629436566735,-0.15175288706944645,192,Tier 4
canto_ecosystem,0.2626732476707777,-0.241495382237053,8.660038752008216,3.0,0.0,0.7476121067941628,-27.31790058761401,29.201695798535365,-0.15489499471697082,193,Tier 4
everscale_ecosystem,0.1406448490567136,-0.1917784088248311,3.547697745890094,-6.749450495380245e-50,0.0,0.8447369840026362,166.06092331176995,122.84245174513562,-0.15630143136593017,194,Tier 4
governance,0.3670682775009543,-0.248308076780345,8.902289366588569,7.999999999999998,0.0,0.9944098300562504,-23.413330795164423,33.950891019662336,-0.15928518311445933,195,Tier 4
paradigm_portfolio,0.3393353896574914,-0.1958015064425111,3.551416828149178,6.999999999999998,0.0,0.8447369840026366,-41.01938583749349,29.736865227068016,-0.1602873381610193,196,Tier 4
blockchain_capital_portfolio,0.33823318653532,-0.1996529527898295,3.5778307584375555,6.999999999999998,0.0,0.8447369840026372,-15.10298098988289,30.23183592481512,-0.16387464520545394,197,Tier 4
polychain_capital_portfolio,0.3378787465799656,-0.2004073425697304,3.5544555509711158,7.999999999999998,0.0,0.8447369840026372,-15.481233204025663,21.166092110301413,-0.16486278706001922,198,Tier 4
robotics,0.1921589581385325,-0.2487780464905591,8.294295388485391,0.69179252750436,0.0,1.0,-36.44821376957572,20.648316997068537,-0.16583509260570517,199,Tier 4
scaling,0.192686938091901,-0.1772739217608896,1.101532025404362,1.0000000000000022,0.15,0.8111867462469522,-13.121520637623076,26.068260057500588,-0.166258601506846,200,Tier 4
okx_ventures_portfolio,0.3354193123844911,-0.2643968101686889,9.566836082381244,5.0,0.0,0.6767660487963559,-42.27463906221324,25.724630993281675,-0.16872844934487646,201,Tier 4
decentralized_exchange_dex_token,0.321557627197251,-0.2241377174141982,5.195687398831447,6.999999999999998,0.0,0.6675043465568311,127.46699218401972,125.08389036606737,-0.17218084342588372,202,Tier 4
cms_holdings_portfolio,0.3349111574602411,-0.2104454872397276,3.567616735398636,9.0,0.0,0.8447369840026366,-31.28863872608028,24.74829136843444,-0.17476931988574126,203,Tier 4
dragonfly_capital_portfolio,0.3333043340645892,-0.2158558132740139,3.554075030864252,5.0,0.0,0.8447369840026369,-23.697370278561014,23.01254607383644,-0.18031506296537136,204,Tier 4
dao_maker,0.1313701363986749,-0.2200759704092448,3.788880456785908,0.1675571951505858,0.0,0.7581875985369282,-33.605007148155266,19.485520808543896,-0.18218716584138572,205,Tier 4
three_arrows_capital_portfolio,0.3328391917058338,-0.2180136197579289,3.58018859835134,7.999999999999998,0.0,0.8447369840026375,-35.53647741273159,30.60451648231691,-0.18221173377441552,206,Tier 4
velas_ecosystem,0.1428913759236776,-0.2210668683588219,3.3916489146075888,0.2955119204078976,0.0,0.8447369840026356,-35.99792710413487,15.971553313863874,-0.187150379212746,207,Tier 4
huobi_capital_portfolio,0.331016949603191,-0.2242821863133023,3.550424004798967,9.0,0.0,0.8447369840026365,-28.913236541414644,26.19543307591266,-0.18877794626531263,208,Tier 4
x_layer_ecosystem,0.1972111639786658,-0.2252212573099173,3.575264838059501,1.6578376570281896,0.0,0.8447369840026357,-34.40894547107518,18.42590359554408,-0.18946860892932227,209,Tier 4
eigenlayer_ecosystem,0.3319336140205809,-0.3009292549434355,8.614010990673098,7.0,0.0,0.7476121067941641,-38.19152262572352,26.491521834366416,-0.2147891450367045,210,Tier 4
ai_agent_launchpad,0.3440751091065994,-0.3251516762215286,8.127957972696821,3.999999999999999,0.3,0.872535923842095,-39.544274135313,37.41162406543421,-0.24387209649456038,211,Tier 4
